"filename", "language", "YAML", "XML", "HTML", "Docker", "Java Properties", "MS SQL", "Java", "Batch", "PostCSS", "comment", "blank", "total"
"/run/media/kphong/01D9FC5BE0347CE0/study/lập trình nâng cao/SSS_huuhan_2526II_UET.CS2043_3/.continue/agents/new-config.yaml", "YAML", 14, 0, 0, 0, 0, 0, 0, 0, 0, 6, 4, 24
"/run/media/kphong/01D9FC5BE0347CE0/study/lập trình nâng cao/SSS_huuhan_2526II_UET.CS2043_3/.github/workflows/ci.yml", "YAML", 64, 0, 0, 0, 0, 0, 0, 0, 0, 0, 12, 76
"/run/media/kphong/01D9FC5BE0347CE0/study/lập trình nâng cao/SSS_huuhan_2526II_UET.CS2043_3/.mvn/wrapper/maven-wrapper.properties", "Java Properties", 0, 0, 0, 0, 3, 0, 0, 0, 0, 0, 1, 4
"/run/media/kphong/01D9FC5BE0347CE0/study/lập trình nâng cao/SSS_huuhan_2526II_UET.CS2043_3/auction_system_flow_diagrams.html", "HTML", 0, 0, 11, 0, 0, 0, 0, 0, 0, 1, 1, 13
"/run/media/kphong/01D9FC5BE0347CE0/study/lập trình nâng cao/SSS_huuhan_2526II_UET.CS2043_3/client/pom.xml", "XML", 0, 46, 0, 0, 0, 0, 0, 0, 0, 0, 4, 50
"/run/media/kphong/01D9FC5BE0347CE0/study/lập trình nâng cao/SSS_huuhan_2526II_UET.CS2043_3/client/src/main/java/com/ssscloud/auction/client/ClientApplication.java", "Java", 0, 0, 0, 0, 0, 0, 25, 0, 0, 2, 7, 34
"/run/media/kphong/01D9FC5BE0347CE0/study/lập trình nâng cao/SSS_huuhan_2526II_UET.CS2043_3/client/src/main/java/com/ssscloud/auction/client/Launcher.java", "Java", 0, 0, 0, 0, 0, 0, 6, 0, 0, 0, 1, 7
"/run/media/kphong/01D9FC5BE0347CE0/study/lập trình nâng cao/SSS_huuhan_2526II_UET.CS2043_3/client/src/main/java/com/ssscloud/auction/client/controller/LoginSignupController.java", "Java", 0, 0, 0, 0, 0, 0, 145, 0, 0, 0, 19, 164
"/run/media/kphong/01D9FC5BE0347CE0/study/lập trình nâng cao/SSS_huuhan_2526II_UET.CS2043_3/client/src/main/java/com/ssscloud/auction/client/controller/SignUpController.java", "Java", 0, 0, 0, 0, 0, 0, 163, 0, 0, 5, 31, 199
"/run/media/kphong/01D9FC5BE0347CE0/study/lập trình nâng cao/SSS_huuhan_2526II_UET.CS2043_3/client/src/main/java/com/ssscloud/auction/client/controller/admin/AdminDashboardController.java", "Java", 0, 0, 0, 0, 0, 0, 342, 0, 0, 9, 51, 402
"/run/media/kphong/01D9FC5BE0347CE0/study/lập trình nâng cao/SSS_huuhan_2526II_UET.CS2043_3/client/src/main/java/com/ssscloud/auction/client/controller/bidder/AuctionCardController.java", "Java", 0, 0, 0, 0, 0, 0, 72, 0, 0, 2, 16, 90
"/run/media/kphong/01D9FC5BE0347CE0/study/lập trình nâng cao/SSS_huuhan_2526II_UET.CS2043_3/client/src/main/java/com/ssscloud/auction/client/controller/bidder/AuctionListController.java", "Java", 0, 0, 0, 0, 0, 0, 158, 0, 0, 14, 23, 195
"/run/media/kphong/01D9FC5BE0347CE0/study/lập trình nâng cao/SSS_huuhan_2526II_UET.CS2043_3/client/src/main/java/com/ssscloud/auction/client/controller/bidder/BidSuccessToastController.java", "Java", 0, 0, 0, 0, 0, 0, 117, 0, 0, 0, 23, 140
"/run/media/kphong/01D9FC5BE0347CE0/study/lập trình nâng cao/SSS_huuhan_2526II_UET.CS2043_3/client/src/main/java/com/ssscloud/auction/client/controller/bidder/BiddedAuctionsListController.java", "Java", 0, 0, 0, 0, 0, 0, 95, 0, 0, 6, 24, 125
"/run/media/kphong/01D9FC5BE0347CE0/study/lập trình nâng cao/SSS_huuhan_2526II_UET.CS2043_3/client/src/main/java/com/ssscloud/auction/client/controller/bidder/BiddedAuctionsListRowController.java", "Java", 0, 0, 0, 0, 0, 0, 63, 0, 0, 0, 13, 76
"/run/media/kphong/01D9FC5BE0347CE0/study/lập trình nâng cao/SSS_huuhan_2526II_UET.CS2043_3/client/src/main/java/com/ssscloud/auction/client/controller/bidder/BidderDashboardController.java", "Java", 0, 0, 0, 0, 0, 0, 109, 0, 0, 1, 29, 139
"/run/media/kphong/01D9FC5BE0347CE0/study/lập trình nâng cao/SSS_huuhan_2526II_UET.CS2043_3/client/src/main/java/com/ssscloud/auction/client/controller/bidder/BiddingRoomController.java", "Java", 0, 0, 0, 0, 0, 0, 637, 0, 0, 46, 90, 773
"/run/media/kphong/01D9FC5BE0347CE0/study/lập trình nâng cao/SSS_huuhan_2526II_UET.CS2043_3/client/src/main/java/com/ssscloud/auction/client/controller/bidder/WatchlistController.java", "Java", 0, 0, 0, 0, 0, 0, 68, 0, 0, 0, 12, 80
"/run/media/kphong/01D9FC5BE0347CE0/study/lập trình nâng cao/SSS_huuhan_2526II_UET.CS2043_3/client/src/main/java/com/ssscloud/auction/client/controller/bidder/WatchlistRowController.java", "Java", 0, 0, 0, 0, 0, 0, 66, 0, 0, 0, 12, 78
"/run/media/kphong/01D9FC5BE0347CE0/study/lập trình nâng cao/SSS_huuhan_2526II_UET.CS2043_3/client/src/main/java/com/ssscloud/auction/client/controller/seller/CreateAuctionController.java", "Java", 0, 0, 0, 0, 0, 0, 344, 0, 0, 24, 50, 418
"/run/media/kphong/01D9FC5BE0347CE0/study/lập trình nâng cao/SSS_huuhan_2526II_UET.CS2043_3/client/src/main/java/com/ssscloud/auction/client/controller/seller/DepositCardController.java", "Java", 0, 0, 0, 0, 0, 0, 58, 0, 0, 0, 16, 74
"/run/media/kphong/01D9FC5BE0347CE0/study/lập trình nâng cao/SSS_huuhan_2526II_UET.CS2043_3/client/src/main/java/com/ssscloud/auction/client/controller/seller/SellerDashboardController.java", "Java", 0, 0, 0, 0, 0, 0, 227, 0, 0, 15, 44, 286
"/run/media/kphong/01D9FC5BE0347CE0/study/lập trình nâng cao/SSS_huuhan_2526II_UET.CS2043_3/client/src/main/java/com/ssscloud/auction/client/controller/shared/LoadingController.java", "Java", 0, 0, 0, 0, 0, 0, 29, 0, 0, 0, 7, 36
"/run/media/kphong/01D9FC5BE0347CE0/study/lập trình nâng cao/SSS_huuhan_2526II_UET.CS2043_3/client/src/main/java/com/ssscloud/auction/client/controller/shared/MainLayoutController.java", "Java", 0, 0, 0, 0, 0, 0, 432, 0, 0, 11, 77, 520
"/run/media/kphong/01D9FC5BE0347CE0/study/lập trình nâng cao/SSS_huuhan_2526II_UET.CS2043_3/client/src/main/java/com/ssscloud/auction/client/controller/shared/NotificationController.java", "Java", 0, 0, 0, 0, 0, 0, 212, 0, 0, 2, 30, 244
"/run/media/kphong/01D9FC5BE0347CE0/study/lập trình nâng cao/SSS_huuhan_2526II_UET.CS2043_3/client/src/main/java/com/ssscloud/auction/client/networking/AuctionClientSocket.java", "Java", 0, 0, 0, 0, 0, 0, 147, 0, 0, 9, 23, 179
"/run/media/kphong/01D9FC5BE0347CE0/study/lập trình nâng cao/SSS_huuhan_2526II_UET.CS2043_3/client/src/main/java/com/ssscloud/auction/client/networking/MessageListener.java", "Java", 0, 0, 0, 0, 0, 0, 4, 0, 0, 0, 3, 7
"/run/media/kphong/01D9FC5BE0347CE0/study/lập trình nâng cao/SSS_huuhan_2526II_UET.CS2043_3/client/src/main/java/com/ssscloud/auction/client/networking/SocketDispatcher.java", "Java", 0, 0, 0, 0, 0, 0, 25, 0, 0, 26, 8, 59
"/run/media/kphong/01D9FC5BE0347CE0/study/lập trình nâng cao/SSS_huuhan_2526II_UET.CS2043_3/client/src/main/java/com/ssscloud/auction/client/observer/BidUpdateListener.java", "Java", 0, 0, 0, 0, 0, 0, 3, 0, 0, 0, 3, 6
"/run/media/kphong/01D9FC5BE0347CE0/study/lập trình nâng cao/SSS_huuhan_2526II_UET.CS2043_3/client/src/main/java/com/ssscloud/auction/client/util/AuctionCountdownTimer.java", "Java", 0, 0, 0, 0, 0, 0, 47, 0, 0, 1, 11, 59
"/run/media/kphong/01D9FC5BE0347CE0/study/lập trình nâng cao/SSS_huuhan_2526II_UET.CS2043_3/client/src/main/java/com/ssscloud/auction/client/util/PriceChartManager.java", "Java", 0, 0, 0, 0, 0, 0, 77, 0, 0, 9, 18, 104
"/run/media/kphong/01D9FC5BE0347CE0/study/lập trình nâng cao/SSS_huuhan_2526II_UET.CS2043_3/client/src/main/java/com/ssscloud/auction/client/util/SceneManager.java", "Java", 0, 0, 0, 0, 0, 0, 7, 0, 0, 0, 3, 10
"/run/media/kphong/01D9FC5BE0347CE0/study/lập trình nâng cao/SSS_huuhan_2526II_UET.CS2043_3/client/src/main/java/com/ssscloud/auction/client/util/ServerResponse.java", "Java", 0, 0, 0, 0, 0, 0, 75, 0, 0, 28, 17, 120
"/run/media/kphong/01D9FC5BE0347CE0/study/lập trình nâng cao/SSS_huuhan_2526II_UET.CS2043_3/client/src/main/java/com/ssscloud/auction/client/util/SessionManager.java", "Java", 0, 0, 0, 0, 0, 0, 22, 0, 0, 0, 10, 32
"/run/media/kphong/01D9FC5BE0347CE0/study/lập trình nâng cao/SSS_huuhan_2526II_UET.CS2043_3/client/src/main/java/com/ssscloud/auction/client/util/ViewLoader.java", "Java", 0, 0, 0, 0, 0, 0, 18, 0, 0, 0, 6, 24
"/run/media/kphong/01D9FC5BE0347CE0/study/lập trình nâng cao/SSS_huuhan_2526II_UET.CS2043_3/client/src/main/resources/client.properties", "Java Properties", 0, 0, 0, 0, 2, 0, 0, 0, 0, 9, 2, 13
"/run/media/kphong/01D9FC5BE0347CE0/study/lập trình nâng cao/SSS_huuhan_2526II_UET.CS2043_3/client/src/main/resources/css/admin-dashboard.css", "PostCSS", 0, 0, 0, 0, 0, 0, 0, 0, 374, 36, 49, 459
"/run/media/kphong/01D9FC5BE0347CE0/study/lập trình nâng cao/SSS_huuhan_2526II_UET.CS2043_3/client/src/main/resources/css/auction-card.css", "PostCSS", 0, 0, 0, 0, 0, 0, 0, 0, 30, 2, 3, 35
"/run/media/kphong/01D9FC5BE0347CE0/study/lập trình nâng cao/SSS_huuhan_2526II_UET.CS2043_3/client/src/main/resources/css/auctionroom.css", "PostCSS", 0, 0, 0, 0, 0, 0, 0, 0, 427, 17, 35, 479
"/run/media/kphong/01D9FC5BE0347CE0/study/lập trình nâng cao/SSS_huuhan_2526II_UET.CS2043_3/client/src/main/resources/css/bidded-auction.css", "PostCSS", 0, 0, 0, 0, 0, 0, 0, 0, 174, 11, 30, 215
"/run/media/kphong/01D9FC5BE0347CE0/study/lập trình nâng cao/SSS_huuhan_2526II_UET.CS2043_3/client/src/main/resources/css/create-auction.css", "PostCSS", 0, 0, 0, 0, 0, 0, 0, 0, 223, 17, 31, 271
"/run/media/kphong/01D9FC5BE0347CE0/study/lập trình nâng cao/SSS_huuhan_2526II_UET.CS2043_3/client/src/main/resources/css/deposit-card.css", "PostCSS", 0, 0, 0, 0, 0, 0, 0, 0, 56, 5, 5, 66
"/run/media/kphong/01D9FC5BE0347CE0/study/lập trình nâng cao/SSS_huuhan_2526II_UET.CS2043_3/client/src/main/resources/css/notification.css", "PostCSS", 0, 0, 0, 0, 0, 0, 0, 0, 41, 4, 10, 55
"/run/media/kphong/01D9FC5BE0347CE0/study/lập trình nâng cao/SSS_huuhan_2526II_UET.CS2043_3/client/src/main/resources/css/seller-dashboard.css", "PostCSS", 0, 0, 0, 0, 0, 0, 0, 0, 233, 26, 34, 293
"/run/media/kphong/01D9FC5BE0347CE0/study/lập trình nâng cao/SSS_huuhan_2526II_UET.CS2043_3/client/src/main/resources/css/styles.css", "PostCSS", 0, 0, 0, 0, 0, 0, 0, 0, 494, 62, 45, 601
"/run/media/kphong/01D9FC5BE0347CE0/study/lập trình nâng cao/SSS_huuhan_2526II_UET.CS2043_3/client/src/main/resources/css/toast.css", "PostCSS", 0, 0, 0, 0, 0, 0, 0, 0, 91, 7, 14, 112
"/run/media/kphong/01D9FC5BE0347CE0/study/lập trình nâng cao/SSS_huuhan_2526II_UET.CS2043_3/client/src/main/resources/css/watchlist.css", "PostCSS", 0, 0, 0, 0, 0, 0, 0, 0, 158, 10, 27, 195
"/run/media/kphong/01D9FC5BE0347CE0/study/lập trình nâng cao/SSS_huuhan_2526II_UET.CS2043_3/client/src/main/resources/fxml/AdminDashboard.fxml", "XML", 0, 114, 0, 0, 0, 0, 0, 0, 0, 10, 19, 143
"/run/media/kphong/01D9FC5BE0347CE0/study/lập trình nâng cao/SSS_huuhan_2526II_UET.CS2043_3/client/src/main/resources/fxml/BidderDashboard.fxml", "XML", 0, 61, 0, 0, 0, 0, 0, 0, 0, 0, 3, 64
"/run/media/kphong/01D9FC5BE0347CE0/study/lập trình nâng cao/SSS_huuhan_2526II_UET.CS2043_3/client/src/main/resources/fxml/DepositCard.fxml", "XML", 0, 26, 0, 0, 0, 0, 0, 0, 0, 0, 3, 29
"/run/media/kphong/01D9FC5BE0347CE0/study/lập trình nâng cao/SSS_huuhan_2526II_UET.CS2043_3/client/src/main/resources/fxml/MainLayout.fxml", "XML", 0, 150, 0, 0, 0, 0, 0, 0, 0, 0, 12, 162
"/run/media/kphong/01D9FC5BE0347CE0/study/lập trình nâng cao/SSS_huuhan_2526II_UET.CS2043_3/client/src/main/resources/fxml/SellerDashboard.fxml", "XML", 0, 114, 0, 0, 0, 0, 0, 0, 0, 14, 20, 148
"/run/media/kphong/01D9FC5BE0347CE0/study/lập trình nâng cao/SSS_huuhan_2526II_UET.CS2043_3/client/src/main/resources/fxml/auction-card.fxml", "XML", 0, 26, 0, 0, 0, 0, 0, 0, 0, 0, 3, 29
"/run/media/kphong/01D9FC5BE0347CE0/study/lập trình nâng cao/SSS_huuhan_2526II_UET.CS2043_3/client/src/main/resources/fxml/bid-success-toast.fxml", "XML", 0, 39, 0, 0, 0, 0, 0, 0, 0, 4, 10, 53
"/run/media/kphong/01D9FC5BE0347CE0/study/lập trình nâng cao/SSS_huuhan_2526II_UET.CS2043_3/client/src/main/resources/fxml/bidded-auction-list-row.fxml", "XML", 0, 43, 0, 0, 0, 0, 0, 0, 0, 3, 8, 54
"/run/media/kphong/01D9FC5BE0347CE0/study/lập trình nâng cao/SSS_huuhan_2526II_UET.CS2043_3/client/src/main/resources/fxml/bidded-auction-list.fxml", "XML", 0, 54, 0, 0, 0, 0, 0, 0, 0, 4, 9, 67
"/run/media/kphong/01D9FC5BE0347CE0/study/lập trình nâng cao/SSS_huuhan_2526II_UET.CS2043_3/client/src/main/resources/fxml/bidding-room.fxml", "XML", 0, 168, 0, 0, 0, 0, 0, 0, 0, 31, 27, 226
"/run/media/kphong/01D9FC5BE0347CE0/study/lập trình nâng cao/SSS_huuhan_2526II_UET.CS2043_3/client/src/main/resources/fxml/create-auction.fxml", "XML", 0, 237, 0, 0, 0, 0, 0, 0, 0, 0, 22, 259
"/run/media/kphong/01D9FC5BE0347CE0/study/lập trình nâng cao/SSS_huuhan_2526II_UET.CS2043_3/client/src/main/resources/fxml/loading.fxml", "XML", 0, 8, 0, 0, 0, 0, 0, 0, 0, 0, 3, 11
"/run/media/kphong/01D9FC5BE0347CE0/study/lập trình nâng cao/SSS_huuhan_2526II_UET.CS2043_3/client/src/main/resources/fxml/login-signup.fxml", "XML", 0, 81, 0, 0, 0, 0, 0, 0, 0, 0, 8, 89
"/run/media/kphong/01D9FC5BE0347CE0/study/lập trình nâng cao/SSS_huuhan_2526II_UET.CS2043_3/client/src/main/resources/fxml/notification-popup.fxml", "XML", 0, 51, 0, 0, 0, 0, 0, 0, 0, 0, 5, 56
"/run/media/kphong/01D9FC5BE0347CE0/study/lập trình nâng cao/SSS_huuhan_2526II_UET.CS2043_3/client/src/main/resources/fxml/signup.fxml", "XML", 0, 98, 0, 0, 0, 0, 0, 0, 0, 0, 7, 105
"/run/media/kphong/01D9FC5BE0347CE0/study/lập trình nâng cao/SSS_huuhan_2526II_UET.CS2043_3/client/src/main/resources/fxml/watchlist-row.fxml", "XML", 0, 38, 0, 0, 0, 0, 0, 0, 0, 3, 8, 49
"/run/media/kphong/01D9FC5BE0347CE0/study/lập trình nâng cao/SSS_huuhan_2526II_UET.CS2043_3/client/src/main/resources/fxml/watchlist.fxml", "XML", 0, 54, 0, 0, 0, 0, 0, 0, 0, 5, 9, 68
"/run/media/kphong/01D9FC5BE0347CE0/study/lập trình nâng cao/SSS_huuhan_2526II_UET.CS2043_3/common/pom.xml", "XML", 0, 31, 0, 0, 0, 0, 0, 0, 0, 0, 3, 34
"/run/media/kphong/01D9FC5BE0347CE0/study/lập trình nâng cao/SSS_huuhan_2526II_UET.CS2043_3/common/src/main/java/com/ssscloud/auction/common/dto/ClientMessage.java", "Java", 0, 0, 0, 0, 0, 0, 38, 0, 0, 2, 13, 53
"/run/media/kphong/01D9FC5BE0347CE0/study/lập trình nâng cao/SSS_huuhan_2526II_UET.CS2043_3/common/src/main/java/com/ssscloud/auction/common/dto/request/AdminCancelRequest.java", "Java", 0, 0, 0, 0, 0, 0, 28, 0, 0, 0, 8, 36
"/run/media/kphong/01D9FC5BE0347CE0/study/lập trình nâng cao/SSS_huuhan_2526II_UET.CS2043_3/common/src/main/java/com/ssscloud/auction/common/dto/request/AutoBidRequest.java", "Java", 0, 0, 0, 0, 0, 0, 28, 0, 0, 0, 9, 37
"/run/media/kphong/01D9FC5BE0347CE0/study/lập trình nâng cao/SSS_huuhan_2526II_UET.CS2043_3/common/src/main/java/com/ssscloud/auction/common/dto/request/CreateAuctionRequest.java", "Java", 0, 0, 0, 0, 0, 0, 39, 0, 0, 0, 16, 55
"/run/media/kphong/01D9FC5BE0347CE0/study/lập trình nâng cao/SSS_huuhan_2526II_UET.CS2043_3/common/src/main/java/com/ssscloud/auction/common/dto/request/GetAuctionDetailsRequest.java", "Java", 0, 0, 0, 0, 0, 0, 21, 0, 0, 0, 7, 28
"/run/media/kphong/01D9FC5BE0347CE0/study/lập trình nâng cao/SSS_huuhan_2526II_UET.CS2043_3/common/src/main/java/com/ssscloud/auction/common/dto/request/GetAuctionsRequest.java", "Java", 0, 0, 0, 0, 0, 0, 10, 0, 0, 0, 6, 16
"/run/media/kphong/01D9FC5BE0347CE0/study/lập trình nâng cao/SSS_huuhan_2526II_UET.CS2043_3/common/src/main/java/com/ssscloud/auction/common/dto/request/ItemData.java", "Java", 0, 0, 0, 0, 0, 0, 38, 0, 0, 5, 18, 61
"/run/media/kphong/01D9FC5BE0347CE0/study/lập trình nâng cao/SSS_huuhan_2526II_UET.CS2043_3/common/src/main/java/com/ssscloud/auction/common/dto/request/LoginRequest.java", "Java", 0, 0, 0, 0, 0, 0, 22, 0, 0, 1, 10, 33
"/run/media/kphong/01D9FC5BE0347CE0/study/lập trình nâng cao/SSS_huuhan_2526II_UET.CS2043_3/common/src/main/java/com/ssscloud/auction/common/dto/request/PlaceBidRequest.java", "Java", 0, 0, 0, 0, 0, 0, 23, 0, 0, 2, 8, 33
"/run/media/kphong/01D9FC5BE0347CE0/study/lập trình nâng cao/SSS_huuhan_2526II_UET.CS2043_3/common/src/main/java/com/ssscloud/auction/common/dto/request/RegisterRequest.java", "Java", 0, 0, 0, 0, 0, 0, 53, 0, 0, 2, 16, 71
"/run/media/kphong/01D9FC5BE0347CE0/study/lập trình nâng cao/SSS_huuhan_2526II_UET.CS2043_3/common/src/main/java/com/ssscloud/auction/common/dto/response/AdminDisplayDTO.java", "Java", 0, 0, 0, 0, 0, 0, 68, 0, 0, 0, 12, 80
"/run/media/kphong/01D9FC5BE0347CE0/study/lập trình nâng cao/SSS_huuhan_2526II_UET.CS2043_3/common/src/main/java/com/ssscloud/auction/common/dto/response/AdminMetrics.java", "Java", 0, 0, 0, 0, 0, 0, 36, 0, 0, 1, 7, 44
"/run/media/kphong/01D9FC5BE0347CE0/study/lập trình nâng cao/SSS_huuhan_2526II_UET.CS2043_3/common/src/main/java/com/ssscloud/auction/common/dto/response/ApiResponse.java", "Java", 0, 0, 0, 0, 0, 0, 64, 0, 0, 10, 15, 89
"/run/media/kphong/01D9FC5BE0347CE0/study/lập trình nâng cao/SSS_huuhan_2526II_UET.CS2043_3/common/src/main/java/com/ssscloud/auction/common/dto/response/ArtDTO.java", "Java", 0, 0, 0, 0, 0, 0, 11, 0, 0, 0, 4, 15
"/run/media/kphong/01D9FC5BE0347CE0/study/lập trình nâng cao/SSS_huuhan_2526II_UET.CS2043_3/common/src/main/java/com/ssscloud/auction/common/dto/response/AuctionDTO.java", "Java", 0, 0, 0, 0, 0, 0, 102, 0, 0, 0, 22, 124
"/run/media/kphong/01D9FC5BE0347CE0/study/lập trình nâng cao/SSS_huuhan_2526II_UET.CS2043_3/common/src/main/java/com/ssscloud/auction/common/dto/response/AutoBidStatusDTO.java", "Java", 0, 0, 0, 0, 0, 0, 15, 0, 0, 0, 5, 20
"/run/media/kphong/01D9FC5BE0347CE0/study/lập trình nâng cao/SSS_huuhan_2526II_UET.CS2043_3/common/src/main/java/com/ssscloud/auction/common/dto/response/BidDTO.java", "Java", 0, 0, 0, 0, 0, 0, 42, 0, 0, 0, 14, 56
"/run/media/kphong/01D9FC5BE0347CE0/study/lập trình nâng cao/SSS_huuhan_2526II_UET.CS2043_3/common/src/main/java/com/ssscloud/auction/common/dto/response/BidHistoryResponse.java", "Java", 0, 0, 0, 0, 0, 0, 24, 0, 0, 0, 9, 33
"/run/media/kphong/01D9FC5BE0347CE0/study/lập trình nâng cao/SSS_huuhan_2526II_UET.CS2043_3/common/src/main/java/com/ssscloud/auction/common/dto/response/BidderDisplayDTO.java", "Java", 0, 0, 0, 0, 0, 0, 92, 0, 0, 0, 9, 101
"/run/media/kphong/01D9FC5BE0347CE0/study/lập trình nâng cao/SSS_huuhan_2526II_UET.CS2043_3/common/src/main/java/com/ssscloud/auction/common/dto/response/ElectricDTO.java", "Java", 0, 0, 0, 0, 0, 0, 18, 0, 0, 0, 4, 22
"/run/media/kphong/01D9FC5BE0347CE0/study/lập trình nâng cao/SSS_huuhan_2526II_UET.CS2043_3/common/src/main/java/com/ssscloud/auction/common/dto/response/ItemDTO.java", "Java", 0, 0, 0, 0, 0, 0, 36, 0, 0, 3, 13, 52
"/run/media/kphong/01D9FC5BE0347CE0/study/lập trình nâng cao/SSS_huuhan_2526II_UET.CS2043_3/common/src/main/java/com/ssscloud/auction/common/dto/response/ItemListResponse.java", "Java", 0, 0, 0, 0, 0, 0, 28, 0, 0, 3, 10, 41
"/run/media/kphong/01D9FC5BE0347CE0/study/lập trình nâng cao/SSS_huuhan_2526II_UET.CS2043_3/common/src/main/java/com/ssscloud/auction/common/dto/response/ListResponse.java", "Java", 0, 0, 0, 0, 0, 0, 18, 0, 0, 5, 8, 31
"/run/media/kphong/01D9FC5BE0347CE0/study/lập trình nâng cao/SSS_huuhan_2526II_UET.CS2043_3/common/src/main/java/com/ssscloud/auction/common/dto/response/NotificationDTO.java", "Java", 0, 0, 0, 0, 0, 0, 43, 0, 0, 4, 8, 55
"/run/media/kphong/01D9FC5BE0347CE0/study/lập trình nâng cao/SSS_huuhan_2526II_UET.CS2043_3/common/src/main/java/com/ssscloud/auction/common/dto/response/SellerDisplayDTO.java", "Java", 0, 0, 0, 0, 0, 0, 70, 0, 0, 0, 21, 91
"/run/media/kphong/01D9FC5BE0347CE0/study/lập trình nâng cao/SSS_huuhan_2526II_UET.CS2043_3/common/src/main/java/com/ssscloud/auction/common/dto/response/UserDTO.java", "Java", 0, 0, 0, 0, 0, 0, 68, 0, 0, 0, 19, 87
"/run/media/kphong/01D9FC5BE0347CE0/study/lập trình nâng cao/SSS_huuhan_2526II_UET.CS2043_3/common/src/main/java/com/ssscloud/auction/common/dto/response/VehicleDTO.java", "Java", 0, 0, 0, 0, 0, 0, 18, 0, 0, 0, 4, 22
"/run/media/kphong/01D9FC5BE0347CE0/study/lập trình nâng cao/SSS_huuhan_2526II_UET.CS2043_3/common/src/main/java/com/ssscloud/auction/common/enums/AuctionStatus.java", "Java", 0, 0, 0, 0, 0, 0, 14, 0, 0, 0, 7, 21
"/run/media/kphong/01D9FC5BE0347CE0/study/lập trình nâng cao/SSS_huuhan_2526II_UET.CS2043_3/common/src/main/java/com/ssscloud/auction/common/enums/BidType.java", "Java", 0, 0, 0, 0, 0, 0, 8, 0, 0, 0, 3, 11
"/run/media/kphong/01D9FC5BE0347CE0/study/lập trình nâng cao/SSS_huuhan_2526II_UET.CS2043_3/common/src/main/java/com/ssscloud/auction/common/enums/UserRole.java", "Java", 0, 0, 0, 0, 0, 0, 15, 0, 0, 0, 4, 19
"/run/media/kphong/01D9FC5BE0347CE0/study/lập trình nâng cao/SSS_huuhan_2526II_UET.CS2043_3/common/src/main/java/com/ssscloud/auction/common/exception/BaseException.java", "Java", 0, 0, 0, 0, 0, 0, 16, 0, 0, 16, 5, 37
"/run/media/kphong/01D9FC5BE0347CE0/study/lập trình nâng cao/SSS_huuhan_2526II_UET.CS2043_3/common/src/main/java/com/ssscloud/auction/common/exception/ControllerException.java", "Java", 0, 0, 0, 0, 0, 0, 9, 0, 0, 22, 4, 35
"/run/media/kphong/01D9FC5BE0347CE0/study/lập trình nâng cao/SSS_huuhan_2526II_UET.CS2043_3/common/src/main/java/com/ssscloud/auction/common/exception/DAOException.java", "Java", 0, 0, 0, 0, 0, 0, 9, 0, 0, 0, 4, 13
"/run/media/kphong/01D9FC5BE0347CE0/study/lập trình nâng cao/SSS_huuhan_2526II_UET.CS2043_3/common/src/main/java/com/ssscloud/auction/common/exception/ErrorCode.java", "Java", 0, 0, 0, 0, 0, 0, 109, 0, 0, 104, 108, 321
"/run/media/kphong/01D9FC5BE0347CE0/study/lập trình nâng cao/SSS_huuhan_2526II_UET.CS2043_3/common/src/main/java/com/ssscloud/auction/common/exception/FactoryException.java", "Java", 0, 0, 0, 0, 0, 0, 6, 0, 0, 15, 3, 24
"/run/media/kphong/01D9FC5BE0347CE0/study/lập trình nâng cao/SSS_huuhan_2526II_UET.CS2043_3/common/src/main/java/com/ssscloud/auction/common/exception/ServiceException.java", "Java", 0, 0, 0, 0, 0, 0, 9, 0, 0, 22, 4, 35
"/run/media/kphong/01D9FC5BE0347CE0/study/lập trình nâng cao/SSS_huuhan_2526II_UET.CS2043_3/common/src/main/java/com/ssscloud/auction/common/model/Admin.java", "Java", 0, 0, 0, 0, 0, 0, 13, 0, 0, 0, 3, 16
"/run/media/kphong/01D9FC5BE0347CE0/study/lập trình nâng cao/SSS_huuhan_2526II_UET.CS2043_3/common/src/main/java/com/ssscloud/auction/common/model/Art.java", "Java", 0, 0, 0, 0, 0, 0, 26, 0, 0, 5, 7, 38
"/run/media/kphong/01D9FC5BE0347CE0/study/lập trình nâng cao/SSS_huuhan_2526II_UET.CS2043_3/common/src/main/java/com/ssscloud/auction/common/model/Auction.java", "Java", 0, 0, 0, 0, 0, 0, 230, 0, 0, 12, 59, 301
"/run/media/kphong/01D9FC5BE0347CE0/study/lập trình nâng cao/SSS_huuhan_2526II_UET.CS2043_3/common/src/main/java/com/ssscloud/auction/common/model/BidTransaction.java", "Java", 0, 0, 0, 0, 0, 0, 70, 0, 0, 4, 19, 93
"/run/media/kphong/01D9FC5BE0347CE0/study/lập trình nâng cao/SSS_huuhan_2526II_UET.CS2043_3/common/src/main/java/com/ssscloud/auction/common/model/Bidder.java", "Java", 0, 0, 0, 0, 0, 0, 26, 0, 0, 5, 10, 41
"/run/media/kphong/01D9FC5BE0347CE0/study/lập trình nâng cao/SSS_huuhan_2526II_UET.CS2043_3/common/src/main/java/com/ssscloud/auction/common/model/Electronic.java", "Java", 0, 0, 0, 0, 0, 0, 37, 0, 0, 2, 11, 50
"/run/media/kphong/01D9FC5BE0347CE0/study/lập trình nâng cao/SSS_huuhan_2526II_UET.CS2043_3/common/src/main/java/com/ssscloud/auction/common/model/Seller.java", "Java", 0, 0, 0, 0, 0, 0, 61, 0, 0, 1, 5, 67
"/run/media/kphong/01D9FC5BE0347CE0/study/lập trình nâng cao/SSS_huuhan_2526II_UET.CS2043_3/common/src/main/java/com/ssscloud/auction/common/model/Vehicle.java", "Java", 0, 0, 0, 0, 0, 0, 34, 0, 0, 5, 9, 48
"/run/media/kphong/01D9FC5BE0347CE0/study/lập trình nâng cao/SSS_huuhan_2526II_UET.CS2043_3/common/src/main/java/com/ssscloud/auction/common/model/base/AuctionConfig.java", "Java", 0, 0, 0, 0, 0, 0, 56, 0, 0, 3, 3, 62
"/run/media/kphong/01D9FC5BE0347CE0/study/lập trình nâng cao/SSS_huuhan_2526II_UET.CS2043_3/common/src/main/java/com/ssscloud/auction/common/model/base/Entity.java", "Java", 0, 0, 0, 0, 0, 0, 33, 0, 0, 3, 4, 40
"/run/media/kphong/01D9FC5BE0347CE0/study/lập trình nâng cao/SSS_huuhan_2526II_UET.CS2043_3/common/src/main/java/com/ssscloud/auction/common/model/base/Item.java", "Java", 0, 0, 0, 0, 0, 0, 64, 0, 0, 4, 15, 83
"/run/media/kphong/01D9FC5BE0347CE0/study/lập trình nâng cao/SSS_huuhan_2526II_UET.CS2043_3/common/src/main/java/com/ssscloud/auction/common/model/base/User.java", "Java", 0, 0, 0, 0, 0, 0, 43, 0, 0, 3, 6, 52
"/run/media/kphong/01D9FC5BE0347CE0/study/lập trình nâng cao/SSS_huuhan_2526II_UET.CS2043_3/common/src/main/java/com/ssscloud/auction/common/observer/ChangeManager.java", "Java", 0, 0, 0, 0, 0, 0, 55, 0, 0, 6, 11, 72
"/run/media/kphong/01D9FC5BE0347CE0/study/lập trình nâng cao/SSS_huuhan_2526II_UET.CS2043_3/common/src/main/java/com/ssscloud/auction/common/observer/Observer.java", "Java", 0, 0, 0, 0, 0, 0, 5, 0, 0, 5, 2, 12
"/run/media/kphong/01D9FC5BE0347CE0/study/lập trình nâng cao/SSS_huuhan_2526II_UET.CS2043_3/common/src/main/java/com/ssscloud/auction/common/observer/Subject.java", "Java", 0, 0, 0, 0, 0, 0, 4, 0, 0, 6, 3, 13
"/run/media/kphong/01D9FC5BE0347CE0/study/lập trình nâng cao/SSS_huuhan_2526II_UET.CS2043_3/common/src/main/java/com/ssscloud/auction/common/util/BidValidator.java", "Java", 0, 0, 0, 0, 0, 0, 12, 0, 0, 0, 5, 17
"/run/media/kphong/01D9FC5BE0347CE0/study/lập trình nâng cao/SSS_huuhan_2526II_UET.CS2043_3/common/src/main/java/com/ssscloud/auction/common/util/DateTimeUtils.java", "Java", 0, 0, 0, 0, 0, 0, 21, 0, 0, 5, 9, 35
"/run/media/kphong/01D9FC5BE0347CE0/study/lập trình nâng cao/SSS_huuhan_2526II_UET.CS2043_3/common/src/main/java/com/ssscloud/auction/common/util/JsonUtils.java", "Java", 0, 0, 0, 0, 0, 0, 59, 0, 0, 3, 8, 70
"/run/media/kphong/01D9FC5BE0347CE0/study/lập trình nâng cao/SSS_huuhan_2526II_UET.CS2043_3/common/src/main/java/com/ssscloud/auction/common/util/LocalDateTimeAdapter.java", "Java", 0, 0, 0, 0, 0, 0, 17, 0, 0, 0, 5, 22
"/run/media/kphong/01D9FC5BE0347CE0/study/lập trình nâng cao/SSS_huuhan_2526II_UET.CS2043_3/common/src/main/resources/messages.properties", "Java Properties", 0, 0, 0, 0, 0, 0, 0, 0, 0, 0, 2, 2
"/run/media/kphong/01D9FC5BE0347CE0/study/lập trình nâng cao/SSS_huuhan_2526II_UET.CS2043_3/common/src/test/java/com/ssscloud/auction/common/util/BidValidatorTest.java", "Java", 0, 0, 0, 0, 0, 0, 42, 0, 0, 7, 15, 64
"/run/media/kphong/01D9FC5BE0347CE0/study/lập trình nâng cao/SSS_huuhan_2526II_UET.CS2043_3/docker-compose.yml", "YAML", 30, 0, 0, 0, 0, 0, 0, 0, 0, 0, 1, 31
"/run/media/kphong/01D9FC5BE0347CE0/study/lập trình nâng cao/SSS_huuhan_2526II_UET.CS2043_3/mvnw.cmd", "Batch", 0, 0, 0, 0, 0, 0, 0, 139, 0, 26, 25, 190
"/run/media/kphong/01D9FC5BE0347CE0/study/lập trình nâng cao/SSS_huuhan_2526II_UET.CS2043_3/pom.xml", "XML", 0, 29, 0, 0, 0, 0, 0, 0, 0, 0, 7, 36
"/run/media/kphong/01D9FC5BE0347CE0/study/lập trình nâng cao/SSS_huuhan_2526II_UET.CS2043_3/server/Dockerfile", "Docker", 0, 0, 0, 9, 0, 0, 0, 0, 0, 0, 1, 10
"/run/media/kphong/01D9FC5BE0347CE0/study/lập trình nâng cao/SSS_huuhan_2526II_UET.CS2043_3/server/pom.xml", "XML", 0, 103, 0, 0, 0, 0, 0, 0, 0, 0, 7, 110
"/run/media/kphong/01D9FC5BE0347CE0/study/lập trình nâng cao/SSS_huuhan_2526II_UET.CS2043_3/server/src/main/java/com/ssscloud/auction/server/controller/AdminController.java", "Java", 0, 0, 0, 0, 0, 0, 119, 0, 0, 41, 37, 197
"/run/media/kphong/01D9FC5BE0347CE0/study/lập trình nâng cao/SSS_huuhan_2526II_UET.CS2043_3/server/src/main/java/com/ssscloud/auction/server/controller/AuctionController.java", "Java", 0, 0, 0, 0, 0, 0, 74, 0, 0, 3, 18, 95
"/run/media/kphong/01D9FC5BE0347CE0/study/lập trình nâng cao/SSS_huuhan_2526II_UET.CS2043_3/server/src/main/java/com/ssscloud/auction/server/controller/BidController.java", "Java", 0, 0, 0, 0, 0, 0, 151, 0, 0, 3, 21, 175
"/run/media/kphong/01D9FC5BE0347CE0/study/lập trình nâng cao/SSS_huuhan_2526II_UET.CS2043_3/server/src/main/java/com/ssscloud/auction/server/controller/BiddedAuctionsListController.java", "Java", 0, 0, 0, 0, 0, 0, 22, 0, 0, 1, 6, 29
"/run/media/kphong/01D9FC5BE0347CE0/study/lập trình nâng cao/SSS_huuhan_2526II_UET.CS2043_3/server/src/main/java/com/ssscloud/auction/server/controller/NotificationController.java", "Java", 0, 0, 0, 0, 0, 0, 93, 0, 0, 3, 20, 116
"/run/media/kphong/01D9FC5BE0347CE0/study/lập trình nâng cao/SSS_huuhan_2526II_UET.CS2043_3/server/src/main/java/com/ssscloud/auction/server/controller/QueryController.java", "Java", 0, 0, 0, 0, 0, 0, 139, 0, 0, 3, 26, 168
"/run/media/kphong/01D9FC5BE0347CE0/study/lập trình nâng cao/SSS_huuhan_2526II_UET.CS2043_3/server/src/main/java/com/ssscloud/auction/server/controller/UserController.java", "Java", 0, 0, 0, 0, 0, 0, 118, 0, 0, 0, 18, 136
"/run/media/kphong/01D9FC5BE0347CE0/study/lập trình nâng cao/SSS_huuhan_2526II_UET.CS2043_3/server/src/main/java/com/ssscloud/auction/server/dao/AdminDAO.java", "Java", 0, 0, 0, 0, 0, 0, 171, 0, 0, 28, 35, 234
"/run/media/kphong/01D9FC5BE0347CE0/study/lập trình nâng cao/SSS_huuhan_2526II_UET.CS2043_3/server/src/main/java/com/ssscloud/auction/server/dao/AuctionDAO.java", "Java", 0, 0, 0, 0, 0, 0, 293, 0, 0, 17, 35, 345
"/run/media/kphong/01D9FC5BE0347CE0/study/lập trình nâng cao/SSS_huuhan_2526II_UET.CS2043_3/server/src/main/java/com/ssscloud/auction/server/dao/BaseDAO.java", "Java", 0, 0, 0, 0, 0, 0, 60, 0, 0, 14, 10, 84
"/run/media/kphong/01D9FC5BE0347CE0/study/lập trình nâng cao/SSS_huuhan_2526II_UET.CS2043_3/server/src/main/java/com/ssscloud/auction/server/dao/BidTransactionDAO.java", "Java", 0, 0, 0, 0, 0, 0, 173, 0, 0, 4, 21, 198
"/run/media/kphong/01D9FC5BE0347CE0/study/lập trình nâng cao/SSS_huuhan_2526II_UET.CS2043_3/server/src/main/java/com/ssscloud/auction/server/dao/BiddedAuctionsListDAO.java", "Java", 0, 0, 0, 0, 0, 0, 96, 0, 0, 4, 14, 114
"/run/media/kphong/01D9FC5BE0347CE0/study/lập trình nâng cao/SSS_huuhan_2526II_UET.CS2043_3/server/src/main/java/com/ssscloud/auction/server/dao/DatabaseConnection.java", "Java", 0, 0, 0, 0, 0, 0, 89, 0, 0, 7, 18, 114
"/run/media/kphong/01D9FC5BE0347CE0/study/lập trình nâng cao/SSS_huuhan_2526II_UET.CS2043_3/server/src/main/java/com/ssscloud/auction/server/dao/ItemDAO.java", "Java", 0, 0, 0, 0, 0, 0, 393, 0, 0, 3, 51, 447
"/run/media/kphong/01D9FC5BE0347CE0/study/lập trình nâng cao/SSS_huuhan_2526II_UET.CS2043_3/server/src/main/java/com/ssscloud/auction/server/dao/NotificationDAO.java", "Java", 0, 0, 0, 0, 0, 0, 87, 0, 0, 9, 10, 106
"/run/media/kphong/01D9FC5BE0347CE0/study/lập trình nâng cao/SSS_huuhan_2526II_UET.CS2043_3/server/src/main/java/com/ssscloud/auction/server/dao/QueryDAO.java", "Java", 0, 0, 0, 0, 0, 0, 373, 0, 0, 9, 47, 429
"/run/media/kphong/01D9FC5BE0347CE0/study/lập trình nâng cao/SSS_huuhan_2526II_UET.CS2043_3/server/src/main/java/com/ssscloud/auction/server/dao/UserDAO.java", "Java", 0, 0, 0, 0, 0, 0, 539, 0, 0, 7, 65, 611
"/run/media/kphong/01D9FC5BE0347CE0/study/lập trình nâng cao/SSS_huuhan_2526II_UET.CS2043_3/server/src/main/java/com/ssscloud/auction/server/factory/ItemDTOFactory.java", "Java", 0, 0, 0, 0, 0, 0, 133, 0, 0, 7, 21, 161
"/run/media/kphong/01D9FC5BE0347CE0/study/lập trình nâng cao/SSS_huuhan_2526II_UET.CS2043_3/server/src/main/java/com/ssscloud/auction/server/factory/ItemFactory.java", "Java", 0, 0, 0, 0, 0, 0, 110, 0, 0, 3, 21, 134
"/run/media/kphong/01D9FC5BE0347CE0/study/lập trình nâng cao/SSS_huuhan_2526II_UET.CS2043_3/server/src/main/java/com/ssscloud/auction/server/networking/AuctionSocketServer.java", "Java", 0, 0, 0, 0, 0, 0, 160, 0, 0, 28, 30, 218
"/run/media/kphong/01D9FC5BE0347CE0/study/lập trình nâng cao/SSS_huuhan_2526II_UET.CS2043_3/server/src/main/java/com/ssscloud/auction/server/networking/ClientHandler.java", "Java", 0, 0, 0, 0, 0, 0, 131, 0, 0, 6, 17, 154
"/run/media/kphong/01D9FC5BE0347CE0/study/lập trình nâng cao/SSS_huuhan_2526II_UET.CS2043_3/server/src/main/java/com/ssscloud/auction/server/networking/ClientObserver.java", "Java", 0, 0, 0, 0, 0, 0, 92, 0, 0, 29, 17, 138
"/run/media/kphong/01D9FC5BE0347CE0/study/lập trình nâng cao/SSS_huuhan_2526II_UET.CS2043_3/server/src/main/java/com/ssscloud/auction/server/networking/MessageHandler.java", "Java", 0, 0, 0, 0, 0, 0, 243, 0, 0, 14, 51, 308
"/run/media/kphong/01D9FC5BE0347CE0/study/lập trình nâng cao/SSS_huuhan_2526II_UET.CS2043_3/server/src/main/java/com/ssscloud/auction/server/service/AdminService.java", "Java", 0, 0, 0, 0, 0, 0, 271, 0, 0, 101, 53, 425
"/run/media/kphong/01D9FC5BE0347CE0/study/lập trình nâng cao/SSS_huuhan_2526II_UET.CS2043_3/server/src/main/java/com/ssscloud/auction/server/service/AntiSnipingService.java", "Java", 0, 0, 0, 0, 0, 0, 35, 0, 0, 9, 11, 55
"/run/media/kphong/01D9FC5BE0347CE0/study/lập trình nâng cao/SSS_huuhan_2526II_UET.CS2043_3/server/src/main/java/com/ssscloud/auction/server/service/AuctionService.java", "Java", 0, 0, 0, 0, 0, 0, 288, 0, 0, 32, 57, 377
"/run/media/kphong/01D9FC5BE0347CE0/study/lập trình nâng cao/SSS_huuhan_2526II_UET.CS2043_3/server/src/main/java/com/ssscloud/auction/server/service/AutoBidService.java", "Java", 0, 0, 0, 0, 0, 0, 341, 0, 0, 55, 46, 442
"/run/media/kphong/01D9FC5BE0347CE0/study/lập trình nâng cao/SSS_huuhan_2526II_UET.CS2043_3/server/src/main/java/com/ssscloud/auction/server/service/BidService.java", "Java", 0, 0, 0, 0, 0, 0, 136, 0, 0, 23, 17, 176
"/run/media/kphong/01D9FC5BE0347CE0/study/lập trình nâng cao/SSS_huuhan_2526II_UET.CS2043_3/server/src/main/java/com/ssscloud/auction/server/service/ConcurrentBidManager.java", "Java", 0, 0, 0, 0, 0, 0, 286, 0, 0, 26, 40, 352
"/run/media/kphong/01D9FC5BE0347CE0/study/lập trình nâng cao/SSS_huuhan_2526II_UET.CS2043_3/server/src/main/java/com/ssscloud/auction/server/service/ItemService.java", "Java", 0, 0, 0, 0, 0, 0, 58, 0, 0, 2, 12, 72
"/run/media/kphong/01D9FC5BE0347CE0/study/lập trình nâng cao/SSS_huuhan_2526II_UET.CS2043_3/server/src/main/java/com/ssscloud/auction/server/service/NotificationService.java", "Java", 0, 0, 0, 0, 0, 0, 149, 0, 0, 7, 25, 181
"/run/media/kphong/01D9FC5BE0347CE0/study/lập trình nâng cao/SSS_huuhan_2526II_UET.CS2043_3/server/src/main/java/com/ssscloud/auction/server/service/UserService.java", "Java", 0, 0, 0, 0, 0, 0, 242, 0, 0, 7, 35, 284
"/run/media/kphong/01D9FC5BE0347CE0/study/lập trình nâng cao/SSS_huuhan_2526II_UET.CS2043_3/server/src/main/java/com/ssscloud/auction/server/util/AuctionRegistry.java", "Java", 0, 0, 0, 0, 0, 0, 29, 0, 0, 2, 9, 40
"/run/media/kphong/01D9FC5BE0347CE0/study/lập trình nâng cao/SSS_huuhan_2526II_UET.CS2043_3/server/src/main/java/com/ssscloud/auction/server/util/SessionRegistry.java", "Java", 0, 0, 0, 0, 0, 0, 78, 0, 0, 8, 21, 107
"/run/media/kphong/01D9FC5BE0347CE0/study/lập trình nâng cao/SSS_huuhan_2526II_UET.CS2043_3/server/src/main/resources/application.properties", "Java Properties", 0, 0, 0, 0, 5, 0, 0, 0, 0, 5, 3, 13
"/run/media/kphong/01D9FC5BE0347CE0/study/lập trình nâng cao/SSS_huuhan_2526II_UET.CS2043_3/server/src/main/resources/db/init.sql", "MS SQL", 0, 0, 0, 0, 0, 281, 0, 0, 0, 96, 64, 441
"/run/media/kphong/01D9FC5BE0347CE0/study/lập trình nâng cao/SSS_huuhan_2526II_UET.CS2043_3/server/src/main/resources/logback.xml", "XML", 0, 11, 0, 0, 0, 0, 0, 0, 0, 0, 1, 12
"/run/media/kphong/01D9FC5BE0347CE0/study/lập trình nâng cao/SSS_huuhan_2526II_UET.CS2043_3/server/src/test/java/com/ssscloud/auction/server/service/AdminServiceTest.java", "Java", 0, 0, 0, 0, 0, 0, 335, 0, 0, 126, 102, 563
"/run/media/kphong/01D9FC5BE0347CE0/study/lập trình nâng cao/SSS_huuhan_2526II_UET.CS2043_3/server/src/test/java/com/ssscloud/auction/server/service/AntiSnipingServiceTest.java", "Java", 0, 0, 0, 0, 0, 0, 68, 0, 0, 16, 24, 108
"/run/media/kphong/01D9FC5BE0347CE0/study/lập trình nâng cao/SSS_huuhan_2526II_UET.CS2043_3/server/src/test/java/com/ssscloud/auction/server/service/AutoBidServiceTest.java", "Java", 0, 0, 0, 0, 0, 0, 260, 0, 0, 95, 73, 428
"/run/media/kphong/01D9FC5BE0347CE0/study/lập trình nâng cao/SSS_huuhan_2526II_UET.CS2043_3/server/src/test/java/com/ssscloud/auction/server/service/BidServiceTest.java", "Java", 0, 0, 0, 0, 0, 0, 162, 0, 0, 19, 39, 220
"/run/media/kphong/01D9FC5BE0347CE0/study/lập trình nâng cao/SSS_huuhan_2526II_UET.CS2043_3/server/src/test/java/com/ssscloud/auction/server/service/CancelAuctionRaceConditionTest.java", "Java", 0, 0, 0, 0, 0, 0, 342, 0, 0, 168, 77, 587
"/run/media/kphong/01D9FC5BE0347CE0/study/lập trình nâng cao/SSS_huuhan_2526II_UET.CS2043_3/server/src/test/java/com/ssscloud/auction/server/service/ConcurrentBidManagerTest.java", "Java", 0, 0, 0, 0, 0, 0, 321, 0, 0, 121, 68, 510
"/run/media/kphong/01D9FC5BE0347CE0/study/lập trình nâng cao/SSS_huuhan_2526II_UET.CS2043_3/server/src/test/java/com/ssscloud/auction/server/service/DAOTtest.java", "Java", 0, 0, 0, 0, 0, 0, 16, 0, 0, 0, 5, 21
"/run/media/kphong/01D9FC5BE0347CE0/study/lập trình nâng cao/SSS_huuhan_2526II_UET.CS2043_3/server/src/test/java/com/ssscloud/auction/server/service/UserServiceTest.java", "Java", 0, 0, 0, 0, 0, 0, 81, 0, 0, 2, 24, 107
"Total", "-", 108, 1582, 11, 9, 10, 281, 13306, 139, 2301, 1982, 3267, 22996